Page Name,URL,Design/Aesthetics,Responsiveness,Functionality,Localization,SEO,Performance,Console Errors,Notes
Home,/, , , , , , , ,
About Us,/rolunk, , , , , , , ,
Services,/szolgaltatasok, , , , , , , ,
Products,/termekek, , , , , , , ,
Blog,/blog, , , , , , , ,
Contact,/kapcsolat, , , , , , , ,
Pricing,/arak, , , , , , , ,
References,/referenciak, , , , , , , ,
Request Quote,/ajanlatkeres, , , , , , , ,
Review/Feedback,/velemeny, , , , , , , ,
Demo,/demo, , , , , , , ,
Career,/karrier, , , , , , , ,
Privacy Policy,/adatvedelem, , , , , , , ,
Terms of Service,/aszf, , , , , , , ,
Imprint/Impressum,/impresszum, , , , , , , ,
Web Development,/szolgaltatasok/webfejlesztes, , , , , , , ,
System Operations,/szolgaltatasok/rendszeruzemeltetes, , , , , , , ,
Integrations/Automations,/szolgaltatasok/integraciok, , , , , , , ,
Scripts/Development,/szolgaltatasok/scriptek, , , , , , , ,
Security,/szolgaltatasok/biztonsag, , , , , , , ,
Product Details,/termekek/[slug], , , , , , , ,
Blog Post,/blog/[slug], , , , , , , ,
Automation Starter LP,/lp/automation-starter, , , , , , , ,
Login,/login, , , , , , , ,
Register,/register, , , , , , , ,
Email Verification,/auth/new-verification, , , , , , , ,
My Account,/fiok, , , , , , , ,
Dashboard Home,/dashboard, , , , , , , ,
Affiliate,/dashboard/affiliate, , , , , , , ,
Licenses,/dashboard/licenses, , , , , , , ,
Purchases,/dashboard/purchases, , , , , , , ,
Settings,/dashboard/settings, , , , , , , ,
Support Tickets,/dashboard/tickets, , , , , , , ,
Checkout,/checkout, , , , , , , ,
Payment Success,/payment/success, , , , , , , ,
Payment Cancelled,/payment/cancel, , , , , , , ,
Payment Failed,/payment/fail, , , , , , , ,
Payment Instructions,/payment/instructions, , , , , , , ,
Admin Dashboard,/admin/dashboard, , , , , , , ,
Analytics,/admin/analytics, , , , , , , ,
Audit Logs,/admin/audit-logs, , , , , , , ,
Blog Management,/admin/blog, , , , , , , ,
CRM,/admin/crm, , , , , , , ,
Cron Jobs,/admin/cron-jobs, , , , , , , ,
Feature Flags,/admin/features, , , , , , , ,
Finance,/admin/finance, , , , , , , ,
Leads,/admin/leads, , , , , , , ,
Orders,/admin/orders, , , , , , , ,
Products,/admin/products, , , , , , , ,
Tickets,/admin/tickets, , , , , , , ,
404 Not Found,N/A, , , , , , , ,
Error Page,N/A, , , , , , , ,
Loading States,N/A, , , , , , , ,
